{"cameraMode":{"drawMode":0,"name":"Shaded","section":"Shading Mode"},"sceneLighting":true,"audioPlay":false,"sceneViewState":{"showFog":true,"showMaterialUpdate":false,"showSkybox":false,"showFlares":true,"showImageEffects":true,"showParticleSystems":true},"in2DMode":false,"pivot":{"x":0.03587675094604492,"y":0.14842641353607179,"z":1.185807228088379},"rotation":{"x":-0.061488982290029529,"y":-0.1659923791885376,"z":0.010371736250817776,"w":-0.9841558337211609},"size":11.568742752075196,"orthographic":true}