{"cameraMode":{"drawMode":0,"name":"Shaded","section":"Shading Mode"},"sceneLighting":true,"audioPlay":false,"sceneViewState":{"showFog":true,"showMaterialUpdate":false,"showSkybox":true,"showFlares":true,"showImageEffects":true,"showParticleSystems":true},"in2DMode":false,"pivot":{"x":-0.46712127327919009,"y":-0.1496078372001648,"z":-0.20614692568778993},"rotation":{"x":-0.11314594000577927,"y":0.012824737466871739,"z":-0.0014606670010834933,"w":-0.9934975504875183},"size":3.8785130977630617,"orthographic":true}