{"cameraMode":{"drawMode":0,"name":"Shaded","section":"Shading Mode"},"sceneLighting":false,"audioPlay":false,"sceneViewState":{"showFog":true,"showMaterialUpdate":false,"showSkybox":false,"showFlares":true,"showImageEffects":true,"showParticleSystems":true},"in2DMode":false,"pivot":{"x":-8.344650268554688e-7,"y":0.8386586904525757,"z":-0.0651828870177269},"rotation":{"x":-0.20132789015769959,"y":0.02996567077934742,"z":-0.0061620669439435009,"w":-0.979046106338501},"size":5.745026588439941,"orthographic":false}