{"cameraMode":{"drawMode":0,"name":"Shaded","section":"Shading Mode"},"sceneLighting":false,"audioPlay":false,"sceneViewState":{"showFog":true,"showMaterialUpdate":false,"showSkybox":false,"showFlares":true,"showImageEffects":true,"showParticleSystems":true},"in2DMode":false,"pivot":{"x":0.12539196014404298,"y":0.31796735525131228,"z":0.14077264070510865},"rotation":{"x":-0.07770296186208725,"y":-0.6455193161964417,"z":0.06628289818763733,"w":-0.7569065690040588},"size":3.394695997238159,"orthographic":false}