{"cameraMode":{"drawMode":0,"name":"Shaded","section":"Shading Mode"},"sceneLighting":false,"audioPlay":false,"sceneViewState":{"showFog":true,"showMaterialUpdate":false,"showSkybox":false,"showFlares":true,"showImageEffects":true,"showParticleSystems":true},"in2DMode":false,"pivot":{"x":0.07095927000045777,"y":0.26818710565567019,"z":0.3634081482887268},"rotation":{"x":-0.38321805000305178,"y":0.01280565932393074,"z":-0.0053022378124296669,"w":-0.923573911190033},"size":3.394695997238159,"orthographic":false}