{"cameraMode":{"drawMode":0,"name":"Shaded","section":"Shading Mode"},"sceneLighting":true,"audioPlay":false,"sceneViewState":{"showFog":true,"showMaterialUpdate":false,"showSkybox":true,"showFlares":true,"showImageEffects":true,"showParticleSystems":true},"in2DMode":false,"pivot":{"x":-8.344650268554688e-7,"y":-0.17739138007164002,"z":1.8411147594451905},"rotation":{"x":0.014891314320266247,"y":-0.4305843114852905,"z":0.007104787044227123,"w":0.9024027585983276},"size":4.417448997497559,"orthographic":true}