{"cameraMode":{"drawMode":0,"name":"Shaded","section":"Shading Mode"},"sceneLighting":true,"audioPlay":false,"sceneViewState":{"showFog":true,"showMaterialUpdate":false,"showSkybox":false,"showFlares":true,"showImageEffects":true,"showParticleSystems":true},"in2DMode":false,"pivot":{"x":0.03587675094604492,"y":0.14842641353607179,"z":1.185807228088379},"rotation":{"x":-0.0006149329710751772,"y":-0.9934979677200317,"z":0.1137518435716629,"w":-0.005372323095798492},"size":11.568742752075196,"orthographic":false}