{"cameraMode":{"drawMode":0,"name":"Shaded","section":"Shading Mode"},"sceneLighting":false,"audioPlay":false,"sceneViewState":{"showFog":true,"showMaterialUpdate":false,"showSkybox":false,"showFlares":true,"showImageEffects":true,"showParticleSystems":true},"in2DMode":false,"pivot":{"x":16.529224395751954,"y":1.3297827243804932,"z":0.28999900817871096},"rotation":{"x":-0.0920567512512207,"y":-0.8805800080299377,"z":0.19127807021141053,"w":-0.4237608313560486},"size":74.53453826904297,"orthographic":true}