{"cameraMode":{"drawMode":0,"name":"Shaded","section":"Shading Mode"},"sceneLighting":true,"audioPlay":false,"sceneViewState":{"showFog":true,"showMaterialUpdate":false,"showSkybox":true,"showFlares":true,"showImageEffects":true,"showParticleSystems":true},"in2DMode":false,"pivot":{"x":-0.4266211688518524,"y":-3.038613796234131,"z":-16.087013244628908},"rotation":{"x":-0.23431317508220673,"y":-0.18270917236804963,"z":0.04494249075651169,"w":-0.953816831111908},"size":141.65689086914063,"orthographic":true}